번호,링크,날짜,앵글,참가자(선택),제목,주제(선택),등록자(선택)
1,https://www.youtube.com/watch?v=GQRSTX1zSuw,2026-04-13,,,260413 코오롱스포렉스 저녁반 (한정훈사범님 최혜선사범님 김민채 이수연 박수빈),,
2,https://www.youtube.com/watch?v=smh_SadxLW0,2026-04-13,,,260403 코오롱스포렉스 저녁반,,
3,https://www.youtube.com/watch?v=B6OD50pvnTA,2026-04-13,,,260401 코오롱스포렉스 저녁반,,
4,https://www.youtube.com/watch?v=TdEUG9NYTOo,2026-04-13,,,260330 코오롱스포렉스 저녁반,,
5,https://www.youtube.com/watch?v=qFsbefV4Cvk,2026-03-28,,,260328 코오롱스포렉스 저녁반,,
6,https://www.youtube.com/watch?v=QNO6kElMjg4,2026-03-25,,,260325 코오롱스포렉스 저녁반,,
7,https://www.youtube.com/watch?v=9Y3wDSNcLF0,2026-03-23,,,260323 코오롱스포렉스 저녁반,,
8,https://www.youtube.com/watch?v=cmk8x9dRuxQ,2026-03-20,,,260320 코오롱스포렉스 저녁반,,
9,https://www.youtube.com/watch?v=xxGgRfybqgE,2026-03-18,,,260318 코오롱스포렉스 저녁반,,
10,https://www.youtube.com/watch?v=yzrXgtAXYJA,2026-03-17,,,260316 코오롱스포렉스 저녁반,,
11,https://www.youtube.com/watch?v=y7Ngff_QZhU,2026-03-14,,,260309 코오롱스포렉스 저녁반,,
12,https://www.youtube.com/watch?v=kWqEVghD_C8,2026-03-14,,,260313 코오롱스포렉스 저녁반,,
13,https://www.youtube.com/watch?v=2vFMv_3aKRs,2026-03-14,,,260314 이검회 운동,,
14,https://www.youtube.com/watch?v=AVZh1wu3RXE,2026-03-07,,,20260307 코오롱스포렉스 저녁반,,
15,https://www.youtube.com/watch?v=J7iN8YOVAT0,2026-02-27,,,20260227 코오롱스포렉스 저녁반,,
16,https://www.youtube.com/watch?v=-GN0jTJrnas,2026-02-23,,,20260224 코오롱스포렉스 저녁반,,
17,https://www.youtube.com/watch?v=WD8bDR4vfnA,2026-02-20,,,20260220 코오롱스포렉스 저녁반,,
18,https://www.youtube.com/watch?v=RAe9WL6R9Ms,2026-02-13,,,20260213 코오롱스포렉스 저녁반,,
19,https://www.youtube.com/watch?v=TZ2YwaXOzkI,2026-02-10,,,20260209 코오롱스포렉스 저녁반 기본/기술연습,,
20,https://www.youtube.com/watch?v=jRXd1bHcVXE,2026-02-10,,,20260209 코오롱스포렉스 저녁반 대련,,
21,https://www.youtube.com/watch?v=jOHjKcrizqA,2026-02-10,,,20260207 대선기대회 여자부,,
22,https://www.youtube.com/watch?v=En1h2gKvuEA,2026-02-07,,,260207 대선기검도대회 여자일반부 3회전 이화검우회 vs 후검도관,,
23,https://www.youtube.com/watch?v=qiATfzizcTY,2026-02-07,,,260207 대선기검도대회 여자일반부 2회전 이화검우회 vs 고덕검도관,,
24,https://www.youtube.com/watch?v=DlNLr4Jo-Ew,2026-02-07,,,260207 대선기검도대회 여자일반부 1회전 일산검도교실B vs 이화검우회,,
25,https://www.youtube.com/watch?v=cYL-2SqThQs,2026-02-06,,,20260206 코오롱스포렉스 저녁반,,
26,https://www.youtube.com/watch?v=6DxgxuwMqSg,2026-02-04,,,20260204 코오롱스포렉스 저녁반 (이종원선생님 한진식사범님 한정훈사범님 최혜선사범님 안주희사범님 선영 해민 연주 수빈),,
27,https://www.youtube.com/watch?v=QbgbGNvRjMk,2026-02-02,,,20260202 코오롱스포렉스 저녁반 (한진식사범님 한정훈사범님 최혜선선배님 수연 수빈 도연 선영),,
28,https://www.youtube.com/watch?v=Svergmx_TsE,2026-02-01,,,Melbourne Uni Training 231107,,
29,https://www.youtube.com/watch?v=bJdSj92HfG0,2026-02-01,,,Working at Radhey Chai Bar,,
30,https://www.youtube.com/watch?v=if4CVquwyNw,2026-02-01,,,Working at Radhey Chai Bar 4,,
31,https://www.youtube.com/watch?v=VBENxBLgPEc,2026-02-01,,,2025 서울컵 여자부 12,,
32,https://www.youtube.com/watch?v=TMHqtQ8v77M,2026-02-01,,,2025 추계 서울시 대학연맹전 결승전 이소윤 공서영,,
33,https://www.youtube.com/watch?v=UTKD3-GkAA4,2026-02-01,,,2025 서울컵 여자부 11,,
34,https://www.youtube.com/watch?v=kKEzjK8XAWw,2026-01-31,,,Working at Radhey Chai Bar 4,,
35,https://www.youtube.com/watch?v=wIpMyLBg624,2026-01-31,,,Working at Radhey Chai Bar 3,,
36,https://www.youtube.com/watch?v=xYJd95IxB-Q,2026-01-31,,,Working at Radhey Chai bar,,
37,https://www.youtube.com/watch?v=l3XNqoAVgWI,2026-01-31,,,2025 서울컵 여자부 10,,
38,https://www.youtube.com/watch?v=ipt0XKFDkfU,2026-01-31,,,2025 서울컵 여자부 9,,
39,https://www.youtube.com/watch?v=BIbas8fXQu4,2026-01-31,,,2025 서울컵 여자부 8,,
40,https://www.youtube.com/watch?v=iaTv4k3un4Q,2026-01-31,,,2025 서울컵 여자부 7,,
41,https://www.youtube.com/watch?v=uhk9WPZbK74,2026-01-31,,,2025 서울컵 여자부 6,,
42,https://www.youtube.com/watch?v=nWJVyKRR2dE,2026-01-31,,,2025 서울컵 여자부 5,,
43,https://www.youtube.com/watch?v=krQaonBqTzQ,2026-01-31,,,2025 서울컵 여자부 4,,
44,https://www.youtube.com/watch?v=LWFdp060ve8,2026-01-31,,,2025 서울컵 여자부 3,,
45,https://www.youtube.com/watch?v=3S6WYWaEQmU,2026-01-31,,,2025 서울컵 여자부 2,,
46,https://www.youtube.com/watch?v=_fJ04CZ_H8Q,2026-01-31,,,2025 서울컵 여자부 1,,
47,https://www.youtube.com/watch?v=dOucmefTTC4,2026-01-30,,,20260131 코오롱스포렉스 저녁반 (박소용관장님 한진식사범님 한정훈사범님 최혜선사범님 수연 선영 해민 수빈 연주),,
48,https://www.youtube.com/watch?v=CiM-m6XzYPo,2026-01-29,,,20250126 코오롱스포렉스 저녁반 (한정훈사범님 최혜선사범님 선영 수빈 연주),,
49,https://www.youtube.com/watch?v=-E9u2Xc-W-I,2026-01-29,,,20260128 코오롱스포렉스 저녁반 (이종원선생님 한진식사범님 한정훈사범님 수빈 연주 해민 시안 선영),,
50,https://www.youtube.com/watch?v=_yZzx9fWfjE,2026-01-23,,,20260124 코오롱스포렉스 저녁반 (박소용관장님 한정훈사범님 수연 해민 수빈 민지),,
51,https://www.youtube.com/watch?v=8rCiWHyMsOA,2026-01-21,,,20260121 코오롱스포렉스 저녁반,,
52,https://www.youtube.com/watch?v=lxkPRmZz2yQ,2026-01-19,,,20260119 코오롱스포렉스 저녁반,,
53,https://www.youtube.com/watch?v=e6bHj5KPo9U,2026-01-17,,,English Practicing 240116,,
54,https://www.youtube.com/watch?v=qSbXkCBKo9k,2026-01-17,,,Working at Radhey Chai Bar 240102,,
55,https://www.youtube.com/watch?v=q05bUjMPLRA,2026-01-16,,,20260116 코오롱스포렉스 저녁반,,
56,https://www.youtube.com/watch?v=p7sWXJ1FJuo,2026-01-16,,,2024 동대문구 단별대회 여자 2단부,,
57,https://www.youtube.com/watch?v=xgm8lYHYkhw,2026-01-16,,,Working at Radhey Chai bar,,
58,https://www.youtube.com/watch?v=Qx2bwvYvwGw,2026-01-15,,,이화검도부 준비운동,,
59,https://www.youtube.com/watch?v=vRAHqQPfrVo,2026-01-15,,,20241207 동대문구 단별대회 여자3단부,,
60,https://www.youtube.com/watch?v=KapyPcjtXoI,2026-01-15,,,20250510 코오롱스포렉스 저녁반,,
61,https://www.youtube.com/watch?v=ADWzj7NsRkE,2026-01-15,,,20241103 서울시추계대학연맹전 여자ㄷㅏㄴㅊㅔ결승,,
62,https://www.youtube.com/watch?v=w8tk5_JGWh0,2026-01-15,,,20250903 강북구대회 여자부,,
63,https://www.youtube.com/watch?v=l8grue2gEsw,2026-01-15,,,20260114 코오롱스포렉스 저녁반,,
64,https://www.youtube.com/watch?v=LCH_9dXPEIc,2026-01-13,,,20260112 코오롱스포렉스 저녁반,,
65,https://www.youtube.com/watch?v=ltKqPaxvdkw,2026-01-09,,,20260110 코오롱스포렉스 저녁반,,
66,https://www.youtube.com/watch?v=Yfqb0J_tIaA,2026-01-06,,,20221223 코오롱스포렉스 저녁반,,
67,https://www.youtube.com/watch?v=bYHbJCwpdkU,2026-01-05,,,20260106 코오롱스포렉스 저녁반,,
68,https://www.youtube.com/watch?v=wDE3lQ6D2ME,2025-12-27,,,20251226 코오롱스포렉스 저녁반,,
69,https://www.youtube.com/watch?v=qxms9UJ4Cj4,2025-12-06,,,코오롱 합동연무,,
70,https://www.youtube.com/watch?v=gncbvu0RPDo,2025-12-06,,,251205 코오롱스포렉스 저녁반,,
71,https://www.youtube.com/watch?v=mrQDFPyrSiM,2025-11-19,,,251119 연무식 연습,,
72,https://www.youtube.com/watch?v=NreQzOrx-eQ,2025-11-19,,,251119 코오롱스포렉스 저녁반,,
73,https://www.youtube.com/watch?v=quSaaLaMjM0,2025-11-19,,,251117 코오롱스포렉스 저녁반,,
74,https://www.youtube.com/watch?v=JMYWCQtv3Cw,2025-11-16,,,251114 코오롱스포렉스 연무식 연습,,
75,https://www.youtube.com/watch?v=gEbAsnTG8uI,2025-11-11,,,251110 코오롱스포렉스 저녁반 대련 (한정훈사범님 최혜선사범님 명진 은서 민채 수빈 해민 유민 예진),,
76,https://www.youtube.com/watch?v=7shHQI5qyYo,2025-11-03,,,251103 코오롱스포렉스 저녁반,,
77,https://www.youtube.com/watch?v=cFP9MUDbXZw,2025-11-03,,,251031 코오롱스포렉스 저녁반,,
78,https://www.youtube.com/watch?v=rt-GK7MOMqU,2025-10-25,,,251025 코오롱스포렉스 저녁반,,
79,https://www.youtube.com/watch?v=VSzLxRBO_i4,2025-09-19,,,250917 코오롱스포렉스 저녁반,,
80,https://www.youtube.com/watch?v=2GhivgQeAg4,2025-09-18,,,2025 강북구회장기 여자부,,
81,https://www.youtube.com/watch?v=_kjcA9wkyV8,2025-09-18,,,250915 코오롱스포렉스 저녁반,,
82,https://www.youtube.com/watch?v=-aBiUIZwoFA,2025-09-18,,,머리치기연습,,
83,https://www.youtube.com/watch?v=YTAGDvdds3U,2025-09-06,,,250906 강북구청장기 여자단체부 결승 (명검대 홍 부대통령 백),,
84,https://www.youtube.com/watch?v=fUxxvWXRG9E,2025-09-04,,,250903 코오롱스포렉스 저녁반 시합영상,,
85,https://www.youtube.com/watch?v=5BM0vYDCH_k,2025-09-02,,,250901 코오롱스포렉스 저녁반,,
86,https://www.youtube.com/watch?v=a8frFe8d-p0,2025-07-27,,,250727 코오롱스포렉스 주말반,,
87,https://www.youtube.com/watch?v=24dA9fuBY3U,2025-07-13,,,250713 코오롱스포렉스 주말운동,,
88,https://www.youtube.com/watch?v=Gf1aUF0x0Fw,2025-06-14,,,2024년 11월 18일 코오롱스포렉스 저녁반,,
89,https://www.youtube.com/watch?v=2HigkpiRv0U,2025-05-10,,,코오롱스포렉스 시합연습 250510,,
90,https://www.youtube.com/watch?v=ZOP012_89ko,2025-04-13,,,코오롱스포렉스 250411,,
91,https://www.youtube.com/watch?v=dDMsSpe87zg,2025-04-08,,,코오롱스포렉스 저녁반 250407,,
92,https://www.youtube.com/watch?v=WY3ZAEUnpnI,2025-04-05,,,250402 코오롱스포렉스 저녁운동,,
93,https://www.youtube.com/watch?v=AllLFXHH3m8,2024-12-07,,,[2024] 동대문구 단별선수권대회 여자3단부 7 홍 황예지 백 임수정,,
94,https://www.youtube.com/watch?v=X5S-svsbdWo,2024-12-07,,,[2024] 동대문구 단별선수권대회 여자 2단부,,
95,https://www.youtube.com/watch?v=ysTLCRY_z8s,2024-12-07,,,[2024] 동대문구 단별검도대회 이검회 류연주 백,,
96,https://www.youtube.com/watch?v=SnhIEevpt-k,2024-12-01,,,[20241130] 도봉구청장기대회 개인전 상암DMC 이승희 홍 vs 류연주 백,,
97,https://www.youtube.com/watch?v=6OmVSpegv3k,2024-11-26,,,[2024] 추계 서울시 대학검도연맹전 단체전 중견 남서현 홍,,
98,https://www.youtube.com/watch?v=o4pi8vEzc7U,2024-11-26,,,[2024] 추계 서울시 대학검도연맹전 단체전 김민서 홍,,
99,https://www.youtube.com/watch?v=AN8pnkaTeFM,2024-11-26,,,[2022] 서대문구청장기 단체전 이화여대 류연주 백,,
100,https://www.youtube.com/watch?v=muo1kHpWt0s,2024-11-26,,,[2022] 서대문구청장기 단체전 박수빈 백,,
101,https://www.youtube.com/watch?v=kB5FuP3W3qE,2024-11-24,,,[2024] 추계서울시대학연맹전 여자OB전 박수빈,,
102,https://www.youtube.com/watch?v=oHh-_j7kcz0,2024-11-24,,,[2024] 추계 서울시 대학검도연맹전 여자OB전 박수빈,,
103,https://www.youtube.com/watch?v=w-GHjKK-jrg,2024-11-24,,,[2024] 금천구청장기 여자 유단자부 전체본,,
104,https://www.youtube.com/watch?v=dqqlEUydb9M,2024-11-24,,,[2024] 240311 춘계연맹전 대비 연습시합 남서현 김효민,,
105,https://www.youtube.com/watch?v=p3X69lmfQsc,2024-11-24,,,[2024] 240311 춘계연맹전 대비 연습시합 박수빈 김유현,,
106,https://www.youtube.com/watch?v=UaFGs4hPvZ0,2024-11-24,,,[2024] 신촌검도관 송혜린(홍) 명무대 김원경(백),,
107,https://www.youtube.com/watch?v=y70FN3pFffc,2024-11-24,,,[2024] 금천구청장기 이화여대 김민서(홍) 신촌관 박상희(백),,
108,https://www.youtube.com/watch?v=b1lKY8MTcXs,2024-11-24,,,[2024] 금천구청장기 이화검우회 박수빈(홍) 명무대 김원경(백),,
109,https://www.youtube.com/watch?v=aCQiT8vj7zE,2024-11-16,,,코오롱스포렉스 (2024년 11월 16일),,
110,https://www.youtube.com/watch?v=82yspWlkvQk,2024-11-14,,,코오롱스포렉스 저녁반 (2024년 11월 13일),,
111,https://www.youtube.com/watch?v=X5kG3jzgaUk,2024-11-08,,,코오롱스포렉스 저녁반 (2024년 11월 8일),,
112,https://www.youtube.com/watch?v=ytMdEmVHZso,2024-11-04,,,코오롱스포렉스 저녁반 (2024년 11월 4일),,
113,https://www.youtube.com/watch?v=9IYfj-jRrf4,2024-11-02,,,코오롱스포렉스 저녁반 (2024년 11월 1일),,
114,https://www.youtube.com/watch?v=wNHi4b-c3w8,2024-10-30,,,코오롱스포렉스 저녁반 (2024년 10월 30일),,
115,https://www.youtube.com/watch?v=_qH4aC_VQgc,2024-10-28,,,코오롱스포렉스 저녁반 (2024년 10월 28일),,
116,https://www.youtube.com/watch?v=FrIFFj_Rb1g,2024-10-23,,,코오롱스포렉스 저녁반 (2024년 10월 23일),,
117,https://www.youtube.com/watch?v=djiNOYUr9AM,2024-10-21,,,코오롱스포렉스 저녁반 (2024년 10월 21일),,
118,https://www.youtube.com/watch?v=V91GoVc_A4k,2024-10-18,,,코오롱스포렉스 저녁반 (2024년 10월 18일 금요일),,
119,https://www.youtube.com/watch?v=_vWTu2McCzI,2024-10-16,,,코오롱스포렉스 저녁반 (2024년 10월 16일),,
120,https://www.youtube.com/watch?v=mnuVezHtStU,2024-10-11,,,코오롱스포렉스 저녁반 (2024년 10월 12일),,
121,https://www.youtube.com/watch?v=EgVTWXy205Y,2024-10-08,,,코오롱스포렉스 저녁반 명지대 교류전,,
122,https://www.youtube.com/watch?v=PBMiosTYNko,2024-10-05,,,Melbourne Uni Training (2024.11.24),,
123,https://www.youtube.com/watch?v=xzWuej6LGl0,2024-10-05,,,20240608 코오롱스포렉스 조진용 선수와 교검,,
124,https://www.youtube.com/watch?v=OZC4m9dHHa0,2024-10-05,,,[2024] 이화검도부 호구식,,
125,https://www.youtube.com/watch?v=jQy9Ixdh5uU,2024-10-05,,,20240928 코오롱스포렉스 저녁반 기초,,
126,https://www.youtube.com/watch?v=6p354t37JeQ,2024-10-04,,,20241004 코오롱스포렉스 저녁반,,
127,https://www.youtube.com/watch?v=5OLiN08WEfE,2024-09-30,,,20240930 코오롱스포렉스 저녁반,,
128,https://www.youtube.com/watch?v=tlAT3h-Qvpw,2024-09-29,,,20240927 코오롱스포렉스 저녁반,,
129,https://www.youtube.com/watch?v=iezDNyqtzqg,2024-09-29,,,제 14회 서대문구청장기 검도대회 홍 이민영 백 박수빈,,
130,https://www.youtube.com/watch?v=SVHnqdLB-5w,2024-08-26,,,20240826 코오롱스포렉스 저녁반,,
131,https://www.youtube.com/watch?v=4XnspmwaBW8,2022-12-06,,,20221206 월요일 코오롱스포렉스,,
132,https://www.youtube.com/watch?v=CIeHYttIhUw,2022-11-30,,,20221130 수 코오롱스포렉스 저녁반,,
133,https://www.youtube.com/watch?v=n78ZAWH6pVU,2022-11-29,,,20221129 월 코오롱스포렉스 저녁운동,,
134,https://www.youtube.com/watch?v=nsi8xRkFRm8,2022-11-28,,,[2022] 이화검도부 제25회 연무식,,
135,https://www.youtube.com/watch?v=rc19JMsq1S4,2022-11-18,,,[2022] 이화검도부 창립 30주년 기념영상,,
136,https://www.youtube.com/watch?v=jWRTVvI7xEU,2022-02-03,,,[PREVIEW] Color:ing 4th Exhibition,,
137,https://www.youtube.com/watch?v=VsNxVHZbQ-I,2022-02-03,,,[PREVIEW ]Color:ing 4th Exhibition,,
138,https://www.youtube.com/watch?v=ExGky8tkgVw,2021-12-29,,,혼돈의 전투식량 언박싱,,
